{"cameraMode":{"drawMode":0,"name":"Shaded","section":"Shading Mode"},"sceneLighting":false,"audioPlay":false,"sceneViewState":{"showFog":true,"showMaterialUpdate":false,"showSkybox":true,"showFlares":true,"showImageEffects":true,"showParticleSystems":true},"in2DMode":false,"pivot":{"x":433.3056640625,"y":232.0,"z":-149.7624969482422},"rotation":{"x":0.07865265756845474,"y":-0.06425488740205765,"z":0.0050801425240933899,"w":0.994816243648529},"size":1695.688232421875,"orthographic":false}