{"cameraMode":{"drawMode":0,"name":"Shaded","section":"Shading Mode"},"sceneLighting":true,"audioPlay":false,"sceneViewState":{"showFog":true,"showMaterialUpdate":false,"showSkybox":true,"showFlares":true,"showImageEffects":true,"showParticleSystems":true},"in2DMode":false,"pivot":{"x":540.04296875,"y":191.38900756835938,"z":142.8802490234375},"rotation":{"x":-0.23749011754989625,"y":0.04107152298092842,"z":-0.010050935670733452,"w":-0.9704692959785461},"size":900.3250122070313,"orthographic":false}