{"cameraMode":{"drawMode":0,"name":"Shaded","section":"Shading Mode"},"sceneLighting":true,"audioPlay":false,"sceneViewState":{"showFog":true,"showMaterialUpdate":false,"showSkybox":true,"showFlares":true,"showImageEffects":true,"showParticleSystems":true},"in2DMode":false,"pivot":{"x":11.469907760620118,"y":80.22964477539063,"z":39.98219299316406},"rotation":{"x":-0.23749011754989625,"y":0.04107152298092842,"z":-0.010050935670733452,"w":-0.9704692959785461},"size":334.509521484375,"orthographic":false}